date,date_simple,open,high,low,close,volume,rsi,is_alert
2025-11-17 09:15:00+05:30,2025-11-17 09:15,26175.1,26200,26157.2,26198.9,40575,,
2025-11-17 09:20:00+05:30,2025-11-17 09:20,26198.9,26210,26187.4,26188.2,26625,,
2025-11-17 09:25:00+05:30,2025-11-17 09:25,26188.2,26221,26188.2,26213.5,27300,,
2025-11-17 09:30:00+05:30,2025-11-17 09:30,26213.5,26229.2,26211.4,26211.4,18375,,
2025-11-17 09:35:00+05:30,2025-11-17 09:35,26211.4,26225.2,26206.6,26206.6,14850,,
2025-11-17 09:40:00+05:30,2025-11-17 09:40,26206.6,26230,26203,26230,14925,,
2025-11-17 09:45:00+05:30,2025-11-17 09:45,26230,26230,26199,26213.7,22725,,
2025-11-17 09:50:00+05:30,2025-11-17 09:50,26213.7,26220.8,26211.8,26212.9,11175,,
2025-11-17 09:55:00+05:30,2025-11-17 09:55,26212.9,26229,26212.9,26216,19200,,
2025-11-17 10:00:00+05:30,2025-11-17 10:00,26216,26220,26201,26210,13725,,
2025-11-17 10:05:00+05:30,2025-11-17 10:05,26210,26218.1,26202.1,26206,11325,,
2025-11-17 10:10:00+05:30,2025-11-17 10:10,26206,26209.6,26191.1,26203.1,13050,,
2025-11-17 10:15:00+05:30,2025-11-17 10:15,26203.1,26219.9,26201.2,26219.1,9975,,
2025-11-17 10:20:00+05:30,2025-11-17 10:20,26219.1,26225.5,26219.1,26225.5,20400,,
2025-11-17 10:25:00+05:30,2025-11-17 10:25,26225.5,26227.3,26185.7,26190.9,13500,47.44,
2025-11-17 10:30:00+05:30,2025-11-17 10:30,26190.9,26204.6,26190,26201,6525,54.11,
2025-11-17 10:35:00+05:30,2025-11-17 10:35,26201,26203.4,26186.3,26189.6,7200,41.58,
2025-11-17 10:40:00+05:30,2025-11-17 10:40,26189.6,26193.1,26173.7,26190.8,14025,42.7,
2025-11-17 10:45:00+05:30,2025-11-17 10:45,26190.8,26208.9,26190,26196.6,6075,46.48,
2025-11-17 10:50:00+05:30,2025-11-17 10:50,26193.8,26195.8,26180.1,26193.5,8250,35.0,ALERT
2025-11-17 10:55:00+05:30,2025-11-17 10:55,26193.5,26205.9,26191.8,26200,11475,43.88,
2025-11-17 11:00:00+05:30,2025-11-17 11:00,26200,26214.8,26199.9,26209.2,10875,48.46,
2025-11-17 11:05:00+05:30,2025-11-17 11:05,26209.2,26209.2,26195.7,26201.4,8850,44.16,
2025-11-17 11:10:00+05:30,2025-11-17 11:10,26201.4,26208.1,26198.5,26200,5100,45.85,
2025-11-17 11:15:00+05:30,2025-11-17 11:15,26200,26205.1,26192,26192,4950,44.37,
2025-11-17 11:20:00+05:30,2025-11-17 11:20,26192,26194.2,26181.2,26192.8,5400,45.79,
2025-11-17 11:25:00+05:30,2025-11-17 11:25,26192.8,26194,26168.5,26174.5,6225,32.1,ALERT
2025-11-17 11:30:00+05:30,2025-11-17 11:30,26174.5,26185,26165.1,26183,6750,33.23,
2025-11-17 11:35:00+05:30,2025-11-17 11:35,26183,26191.2,26178,26183.5,5100,46.0,
2025-11-17 11:40:00+05:30,2025-11-17 11:40,26183.5,26195,26182.2,26195,3900,46.81,
2025-11-17 11:45:00+05:30,2025-11-17 11:45,26195,26201.9,26189.6,26201.9,3375,56.87,
2025-11-17 11:50:00+05:30,2025-11-17 11:50,26201.9,26212.3,26199.7,26212.3,9000,60.89,ALERT
2025-11-17 11:55:00+05:30,2025-11-17 11:55,26212.3,26227.3,26208.6,26222,8775,62.38,
2025-11-17 12:00:00+05:30,2025-11-17 12:00,26222,26223.7,26210,26211,4875,57.92,
2025-11-17 12:05:00+05:30,2025-11-17 12:05,26211,26226.9,26210.1,26219,7500,58.48,
2025-11-17 12:10:00+05:30,2025-11-17 12:10,26219,26225.6,26219,26221.7,3525,55.92,
2025-11-17 12:15:00+05:30,2025-11-17 12:15,26221.7,26227.9,26220.6,26224.8,6375,61.61,ALERT
2025-11-17 12:20:00+05:30,2025-11-17 12:20,26224.8,26226.9,26222,26222.3,1875,60.94,
2025-11-17 12:25:00+05:30,2025-11-17 12:25,26222.3,26223.8,26220.9,26222,2025,65.92,
2025-11-17 12:30:00+05:30,2025-11-17 12:30,26222,26227,26216.2,26226.9,7575,67.34,
2025-11-17 12:35:00+05:30,2025-11-17 12:35,26226.9,26240,26225,26233,10875,83.97,
2025-11-17 12:40:00+05:30,2025-11-17 12:40,26233,26240,26233,26237.3,4650,83.15,
2025-11-17 12:45:00+05:30,2025-11-17 12:45,26237.3,26248,26233.2,26243.9,11175,84.32,
2025-11-17 12:50:00+05:30,2025-11-17 12:50,26243.9,26243.9,26234.5,26241,4050,78.97,
2025-11-17 12:55:00+05:30,2025-11-17 12:55,26241,26241,26236.2,26236.8,3300,72.75,
2025-11-17 13:00:00+05:30,2025-11-17 13:00,26236.8,26239.5,26232.7,26235,3150,66.67,
2025-11-17 13:05:00+05:30,2025-11-17 13:05,26235,26235,26222.2,26227,2700,53.77,
2025-11-17 13:10:00+05:30,2025-11-17 13:10,26227,26235,26226.1,26234.1,6975,68.48,ALERT
2025-11-17 13:15:00+05:30,2025-11-17 13:15,26234.1,26234.1,26229,26231.6,1950,61.05,
2025-11-17 13:20:00+05:30,2025-11-17 13:20,26231.6,26231.6,26220.8,26225,2925,52.71,
2025-11-17 13:25:00+05:30,2025-11-17 13:25,26225,26233,26225,26233,3075,56.23,
2025-11-17 13:30:00+05:30,2025-11-17 13:30,26233,26238.9,26226.8,26238.8,5625,61.94,ALERT
2025-11-17 13:35:00+05:30,2025-11-17 13:35,26239,26245,26228.8,26234.9,7275,58.87,
2025-11-17 13:40:00+05:30,2025-11-17 13:40,26234.9,26236.6,26228.8,26236.6,1575,56.98,
2025-11-17 13:45:00+05:30,2025-11-17 13:45,26236.6,26242.9,26236.4,26239.4,4500,54.83,
2025-11-17 13:50:00+05:30,2025-11-17 13:50,26239.4,26242.4,26230.8,26235.7,5925,48.78,
2025-11-17 13:55:00+05:30,2025-11-17 13:55,26235.7,26240,26233,26240,1875,46.92,
2025-11-17 14:00:00+05:30,2025-11-17 14:00,26240,26265,26240,26264.6,24675,63.88,ALERT
2025-11-17 14:05:00+05:30,2025-11-17 14:05,26264.6,26264.6,26245.7,26250,17175,56.92,
2025-11-17 14:10:00+05:30,2025-11-17 14:10,26250,26254.8,26249.4,26249.5,3600,57.7,
2025-11-17 14:15:00+05:30,2025-11-17 14:15,26249.5,26252,26230,26230,7350,51.42,
2025-11-17 14:20:00+05:30,2025-11-17 14:20,26230,26244.3,26229.6,26235,3750,50.43,
2025-11-17 14:25:00+05:30,2025-11-17 14:25,26235,26243.9,26235,26237,5100,52.62,
2025-11-17 14:30:00+05:30,2025-11-17 14:30,26237,26244.8,26236,26242.4,4725,58.55,
2025-11-17 14:35:00+05:30,2025-11-17 14:35,26242.4,26242.4,26236,26242.4,2700,55.01,
2025-11-17 14:40:00+05:30,2025-11-17 14:40,26242.4,26244,26222,26222,7650,42.25,
2025-11-17 14:45:00+05:30,2025-11-17 14:45,26223,26237.4,26222,26233.9,8325,49.57,
2025-11-17 14:50:00+05:30,2025-11-17 14:50,26233.9,26233.9,26230,26230,4500,47.22,
2025-11-17 14:55:00+05:30,2025-11-17 14:55,26230,26235,26230,26230,4275,45.94,
2025-11-17 15:00:00+05:30,2025-11-17 15:00,26233.9,26247,26227,26238.7,8700,51.24,
2025-11-17 15:05:00+05:30,2025-11-17 15:05,26238.7,26243.8,26234.9,26243.2,4500,51.32,
2025-11-17 15:10:00+05:30,2025-11-17 15:10,26243.2,26245,26236.1,26237,4725,36.55,ALERT
2025-11-17 15:15:00+05:30,2025-11-17 15:15,26237,26240,26233.6,26239,12225,43.89,
2025-11-17 15:20:00+05:30,2025-11-17 15:20,26239,26241,26235.1,26237,5625,43.17,
2025-11-17 15:25:00+05:30,2025-11-17 15:25,26237,26249.1,26236,26245,20025,59.37,
2025-11-18 09:15:00+05:30,2025-11-18 09:15,26209.7,26209.8,26150,26166,49425,27.6,ALERT
2025-11-18 09:20:00+05:30,2025-11-18 09:20,26166,26179.4,26161,26175.5,22950,30.96,
2025-11-18 09:25:00+05:30,2025-11-18 09:25,26175.1,26189.6,26170,26178.8,18150,30.05,
2025-11-18 09:30:00+05:30,2025-11-18 09:30,26178.8,26186.9,26165.3,26181,7725,31.0,
2025-11-18 09:35:00+05:30,2025-11-18 09:35,26181,26181,26162,26162,9750,31.27,
2025-11-18 09:40:00+05:30,2025-11-18 09:40,26162,26171.7,26155.1,26170.7,11550,29.87,
2025-11-18 09:45:00+05:30,2025-11-18 09:45,26170.7,26173.3,26141,26143.4,14700,26.0,
2025-11-18 09:50:00+05:30,2025-11-18 09:50,26143.4,26144.7,26130,26135.8,31275,24.95,
2025-11-18 09:55:00+05:30,2025-11-18 09:55,26135.8,26135.8,26115,26115,52350,19.09,
2025-11-18 10:00:00+05:30,2025-11-18 10:00,26115,26132,26100,26130,41400,23.12,
2025-11-18 10:05:00+05:30,2025-11-18 10:05,26130,26138.3,26120,26126.6,10500,23.44,
2025-11-18 10:10:00+05:30,2025-11-18 10:10,26126.6,26127,26115,26118.1,19800,21.79,
2025-11-18 10:15:00+05:30,2025-11-18 10:15,26118.1,26131.7,26114,26131.7,12150,26.69,
2025-11-18 10:20:00+05:30,2025-11-18 10:20,26131.7,26141.4,26130,26139.8,9675,26.73,
2025-11-18 10:25:00+05:30,2025-11-18 10:25,26139.8,26139.8,26120,26121,4425,36.43,
2025-11-18 10:30:00+05:30,2025-11-18 10:30,26121,26126,26100.1,26101.5,19425,28.95,
2025-11-18 10:35:00+05:30,2025-11-18 10:35,26101.5,26115.4,26100,26114.9,13350,32.81,
2025-11-18 10:40:00+05:30,2025-11-18 10:40,26114.9,26120,26112,26117.4,8400,32.92,
2025-11-18 10:45:00+05:30,2025-11-18 10:45,26117.4,26139.9,26112,26135,10650,42.69,
2025-11-18 10:50:00+05:30,2025-11-18 10:50,26135,26142.3,26131,26136.9,6075,40.51,
2025-11-18 10:55:00+05:30,2025-11-18 10:55,26136.9,26154.5,26131.4,26145,9825,50.5,
2025-11-18 11:00:00+05:30,2025-11-18 11:00,26145,26162.2,26145,26150,10050,54.55,
2025-11-18 11:05:00+05:30,2025-11-18 11:05,26150,26150,26141.1,26148.8,3525,62.37,ALERT
2025-11-18 11:10:00+05:30,2025-11-18 11:10,26148.8,26155,26148.8,26150.9,2250,58.45,
2025-11-18 11:15:00+05:30,2025-11-18 11:15,26150.3,26168,26149,26162,7425,63.47,ALERT
2025-11-18 11:20:00+05:30,2025-11-18 11:20,26162,26168,26160,26160,5325,66.77,
2025-11-18 11:25:00+05:30,2025-11-18 11:25,26160,26160.4,26140,26140,5850,53.16,
2025-11-18 11:30:00+05:30,2025-11-18 11:30,26140,26159.6,26138.5,26157,3900,56.13,
2025-11-18 11:35:00+05:30,2025-11-18 11:35,26157,26164.4,26154.5,26163.3,2475,66.56,ALERT
2025-11-18 11:40:00+05:30,2025-11-18 11:40,26163.3,26175,26159.1,26175,6675,80.65,
2025-11-18 11:45:00+05:30,2025-11-18 11:45,26175,26197,26175,26188,23625,80.59,
2025-11-18 11:50:00+05:30,2025-11-18 11:50,26188,26197.4,26179,26189.1,16950,80.36,
2025-11-18 11:55:00+05:30,2025-11-18 11:55,26189.1,26195.6,26183.8,26190,11025,77.12,
2025-11-18 12:00:00+05:30,2025-11-18 12:00,26190,26197,26181.2,26187.5,9975,74.8,
2025-11-18 12:05:00+05:30,2025-11-18 12:05,26187.5,26187.5,26177.5,26182.3,5925,68.82,
2025-11-18 12:10:00+05:30,2025-11-18 12:10,26182.3,26184,26175.9,26181.6,1800,66.67,
2025-11-18 12:15:00+05:30,2025-11-18 12:15,26181.6,26181.6,26162.9,26168.9,3000,59.45,
2025-11-18 12:20:00+05:30,2025-11-18 12:20,26168.9,26170,26162.4,26162.5,3225,55.24,
2025-11-18 12:25:00+05:30,2025-11-18 12:25,26162.5,26175.5,26160,26174,4500,55.41,
2025-11-18 12:30:00+05:30,2025-11-18 12:30,26174,26178.4,26164.5,26164.5,3375,51.9,
2025-11-18 12:35:00+05:30,2025-11-18 12:35,26164.5,26164.5,26144.4,26161.7,6825,60.71,ALERT
2025-11-18 12:40:00+05:30,2025-11-18 12:40,26161.7,26161.7,26150.6,26150.6,3300,46.65,
2025-11-18 12:45:00+05:30,2025-11-18 12:45,26150.6,26158,26150,26150,2775,42.59,
2025-11-18 12:50:00+05:30,2025-11-18 12:50,26150,26160,26141,26160,4275,41.48,
2025-11-18 12:55:00+05:30,2025-11-18 12:55,26160,26174,26157.4,26157.7,4425,30.4,ALERT
2025-11-18 13:00:00+05:30,2025-11-18 13:00,26157.5,26180,26157.5,26173.6,5625,41.59,
2025-11-18 13:05:00+05:30,2025-11-18 13:05,26173.6,26180,26171.4,26176,2925,42.52,
2025-11-18 13:10:00+05:30,2025-11-18 13:10,26176,26179.9,26172,26174,2325,42.75,
2025-11-18 13:15:00+05:30,2025-11-18 13:15,26174,26187,26173,26186,6225,51.85,
2025-11-18 13:20:00+05:30,2025-11-18 13:20,26186,26187.5,26181.1,26187.3,6825,52.84,
2025-11-18 13:25:00+05:30,2025-11-18 13:25,26187.3,26187.3,26175.6,26184,13275,58.29,
2025-11-18 13:30:00+05:30,2025-11-18 13:30,26184,26191,26181.5,26191,3075,65.54,ALERT
2025-11-18 13:35:00+05:30,2025-11-18 13:35,26191,26203.8,26190,26199.3,10800,64.29,
2025-11-18 13:40:00+05:30,2025-11-18 13:40,26199.5,26200,26177,26196,4425,69.14,
2025-11-18 13:45:00+05:30,2025-11-18 13:45,26196,26196,26182.8,26187.3,2175,64.51,
2025-11-18 13:50:00+05:30,2025-11-18 13:50,26187.3,26193,26183.8,26184.5,1275,71.21,
2025-11-18 13:55:00+05:30,2025-11-18 13:55,26184.5,26190,26178.1,26186,2850,72.28,
2025-11-18 14:00:00+05:30,2025-11-18 14:00,26186,26205.9,26184.1,26205.9,6150,75.3,
2025-11-18 14:05:00+05:30,2025-11-18 14:05,26207,26221.8,26198.6,26199,19500,71.67,
2025-11-18 14:10:00+05:30,2025-11-18 14:10,26199,26215,26199,26212.9,5175,71.06,
2025-11-18 14:15:00+05:30,2025-11-18 14:15,26212.9,26218,26195,26198.2,5325,60.51,
2025-11-18 14:20:00+05:30,2025-11-18 14:20,26198.2,26208.9,26191,26200,5100,62.33,
2025-11-18 14:25:00+05:30,2025-11-18 14:25,26200,26209.2,26192,26194.6,4350,54.35,
2025-11-18 14:30:00+05:30,2025-11-18 14:30,26194.6,26197.4,26175.5,26180,7350,46.74,
2025-11-18 14:35:00+05:30,2025-11-18 14:35,26180,26189.9,26180,26189.9,13275,52.49,
2025-11-18 14:40:00+05:30,2025-11-18 14:40,26189.9,26189.9,26180,26180,4125,45.48,
2025-11-18 14:45:00+05:30,2025-11-18 14:45,26180,26183.4,26173,26175.8,5925,40.0,
2025-11-18 14:50:00+05:30,2025-11-18 14:50,26175.8,26176.1,26165,26168,10275,38.52,ALERT
2025-11-18 14:55:00+05:30,2025-11-18 14:55,26168,26175,26165,26165.1,9600,40.45,
2025-11-18 15:00:00+05:30,2025-11-18 15:00,26167.1,26169,26141,26145,16200,35.21,ALERT
2025-11-18 15:05:00+05:30,2025-11-18 15:05,26147,26155.1,26130,26133,23550,31.6,
2025-11-18 15:10:00+05:30,2025-11-18 15:10,26133,26146.3,26130,26131.9,14775,20.45,
2025-11-18 15:15:00+05:30,2025-11-18 15:15,26131.9,26140.4,26129,26130,18975,21.3,
2025-11-18 15:20:00+05:30,2025-11-18 15:20,26130,26130.7,26120.3,26127.6,21975,10.76,
2025-11-18 15:25:00+05:30,2025-11-18 15:25,26127.6,26130,26120,26120.1,23475,11.53,
2025-11-19 09:15:00+05:30,2025-11-19 09:15,26127.6,26128.2,26078,26080,47175,7.08,
2025-11-19 09:20:00+05:30,2025-11-19 09:20,26080,26127.3,26076.5,26125,36675,30.6,
2025-11-19 09:25:00+05:30,2025-11-19 09:25,26127.3,26136,26117.7,26124.7,14925,33.25,
2025-11-19 09:30:00+05:30,2025-11-19 09:30,26124.7,26138,26100,26100,15600,25.01,
2025-11-19 09:35:00+05:30,2025-11-19 09:35,26100,26132.9,26095,26131,9075,37.81,
2025-11-19 09:40:00+05:30,2025-11-19 09:40,26131,26133.4,26112.6,26130,10125,38.42,
2025-11-19 09:45:00+05:30,2025-11-19 09:45,26130,26130,26098.3,26100,7275,34.55,
2025-11-19 09:50:00+05:30,2025-11-19 09:50,26098,26130,26092.7,26130,10800,42.9,
2025-11-19 09:55:00+05:30,2025-11-19 09:55,26130,26144.9,26124.7,26137,12525,48.29,
2025-11-19 10:00:00+05:30,2025-11-19 10:00,26137,26145,26130,26142.7,5175,52.13,
2025-11-19 10:05:00+05:30,2025-11-19 10:05,26142.7,26152.4,26140.4,26145,7725,52.86,
2025-11-19 10:10:00+05:30,2025-11-19 10:10,26145,26176.6,26141,26171.8,16050,58.23,
2025-11-19 10:15:00+05:30,2025-11-19 10:15,26171.8,26185,26171.8,26183.1,18375,60.56,ALERT
2025-11-19 10:20:00+05:30,2025-11-19 10:20,26183.1,26183.6,26173.3,26174.4,14625,60.29,
2025-11-19 10:25:00+05:30,2025-11-19 10:25,26174.7,26180,26161,26165,10050,68.22,
2025-11-19 10:30:00+05:30,2025-11-19 10:30,26165,26188.4,26162.1,26185,17775,64.41,
2025-11-19 10:35:00+05:30,2025-11-19 10:35,26185,26187,26172.1,26172.1,19275,60.73,
2025-11-19 10:40:00+05:30,2025-11-19 10:40,26172.1,26177.9,26165,26165,4500,65.99,
2025-11-19 10:45:00+05:30,2025-11-19 10:45,26165,26174.9,26151,26157,10050,57.21,
2025-11-19 10:50:00+05:30,2025-11-19 10:50,26157,26178,26156.5,26172.3,5250,60.87,ALERT
2025-11-19 10:55:00+05:30,2025-11-19 10:55,26172.3,26177.1,26155,26155,3975,65.13,
2025-11-19 11:00:00+05:30,2025-11-19 11:00,26155,26160,26151,26151,6000,56.74,
2025-11-19 11:05:00+05:30,2025-11-19 11:05,26151,26160,26140,26145.8,5175,52.86,
2025-11-19 11:10:00+05:30,2025-11-19 11:10,26145.8,26145.8,26127,26127,8250,45.3,
2025-11-19 11:15:00+05:30,2025-11-19 11:15,26127,26144.1,26115.2,26141,13125,48.88,
2025-11-19 11:20:00+05:30,2025-11-19 11:20,26141,26150,26139.9,26140,17100,39.61,ALERT
2025-11-19 11:25:00+05:30,2025-11-19 11:25,26140,26158,26140,26158,7500,42.14,
2025-11-19 11:30:00+05:30,2025-11-19 11:30,26158,26164.7,26157.8,26158,8250,44.57,
2025-11-19 11:35:00+05:30,2025-11-19 11:35,26158,26167,26157.6,26167,9675,50.66,
2025-11-19 11:40:00+05:30,2025-11-19 11:40,26167,26184.9,26162,26180,29400,48.26,
2025-11-19 11:45:00+05:30,2025-11-19 11:45,26180,26187,26177.2,26184,9300,54.42,
2025-11-19 11:50:00+05:30,2025-11-19 11:50,26184,26188,26181,26184.5,8850,57.61,
2025-11-19 11:55:00+05:30,2025-11-19 11:55,26184.5,26191.9,26179,26189.9,12075,63.11,ALERT
2025-11-19 12:00:00+05:30,2025-11-19 12:00,26189.9,26215,26188.4,26210,41100,64.47,
2025-11-19 12:05:00+05:30,2025-11-19 12:05,26210,26224.8,26204.9,26210,37875,74.34,
2025-11-19 12:10:00+05:30,2025-11-19 12:10,26210,26220,26206,26219,32925,78.81,
2025-11-19 12:15:00+05:30,2025-11-19 12:15,26219,26237.3,26210.1,26220,23325,82.6,
2025-11-19 12:20:00+05:30,2025-11-19 12:20,26220,26230,26215.5,26224.5,7950,98.99,
2025-11-19 12:25:00+05:30,2025-11-19 12:25,26224.5,26235,26222.6,26230,13350,98.9,
2025-11-19 12:30:00+05:30,2025-11-19 12:30,26230,26245,26227.8,26242.9,25650,100,
2025-11-19 12:35:00+05:30,2025-11-19 12:35,26242.9,26242.9,26225.2,26234.8,19500,91.29,
2025-11-19 12:40:00+05:30,2025-11-19 12:40,26234.8,26240,26230,26232,6000,88.62,
2025-11-19 12:45:00+05:30,2025-11-19 12:45,26232,26240,26229.9,26238,6225,88.25,
2025-11-19 12:50:00+05:30,2025-11-19 12:50,26238,26248.9,26229.3,26229.3,24075,77.85,
2025-11-19 12:55:00+05:30,2025-11-19 12:55,26229.3,26241.6,26225,26226,6375,73.92,
2025-11-19 13:00:00+05:30,2025-11-19 13:00,26226,26239.8,26225.8,26239.8,4950,77.35,
2025-11-19 13:05:00+05:30,2025-11-19 13:05,26239.8,26259.4,26231.9,26232,25950,70.34,
2025-11-19 13:10:00+05:30,2025-11-19 13:10,26232,26240,26228.1,26240,4725,66.41,
2025-11-19 13:15:00+05:30,2025-11-19 13:15,26240,26245,26229,26229,15375,59.28,
2025-11-19 13:20:00+05:30,2025-11-19 13:20,26229,26235.9,26228.1,26233,7350,57.19,
2025-11-19 13:25:00+05:30,2025-11-19 13:25,26233,26235,26212.9,26214.3,11925,47.52,
2025-11-19 13:30:00+05:30,2025-11-19 13:30,26214.3,26226.1,26214.3,26215.7,10950,46.07,
2025-11-19 13:35:00+05:30,2025-11-19 13:35,26215.7,26219.9,26208,26213,15450,42.22,
2025-11-19 13:40:00+05:30,2025-11-19 13:40,26213,26216.9,26202.7,26216,20475,36.46,ALERT
2025-11-19 13:45:00+05:30,2025-11-19 13:45,26216,26231.8,26215.2,26230,7500,47.72,
2025-11-19 13:50:00+05:30,2025-11-19 13:50,26230,26236.6,26226.1,26229.9,8025,48.98,
2025-11-19 13:55:00+05:30,2025-11-19 13:55,26229.9,26232,26226.2,26227,6675,44.47,
2025-11-19 14:00:00+05:30,2025-11-19 14:00,26227,26240.3,26220.4,26238.2,5625,54.37,
2025-11-19 14:05:00+05:30,2025-11-19 14:05,26238.2,26245,26230.1,26232.4,9300,53.07,
2025-11-19 14:10:00+05:30,2025-11-19 14:10,26232.4,26249,26230.7,26248,9000,53.86,
2025-11-19 14:15:00+05:30,2025-11-19 14:15,26248,26266,26246.1,26260,22425,62.68,ALERT
2025-11-19 14:20:00+05:30,2025-11-19 14:20,26260,26260,26253.7,26259.3,15900,59.36,
2025-11-19 14:25:00+05:30,2025-11-19 14:25,26259.3,26263.5,26256.8,26262.5,7125,67.58,ALERT
2025-11-19 14:30:00+05:30,2025-11-19 14:30,26262.5,26264.4,26247.7,26250,8550,58.19,
2025-11-19 14:35:00+05:30,2025-11-19 14:35,26250,26263.4,26247,26263,18225,74.82,ALERT
2025-11-19 14:40:00+05:30,2025-11-19 14:40,26263,26275,26260,26263,26475,74.46,
2025-11-19 14:45:00+05:30,2025-11-19 14:45,26263,26265,26255.3,26255.3,11400,70.8,
2025-11-19 14:50:00+05:30,2025-11-19 14:50,26255.3,26268,26255.3,26266,6225,72.85,
2025-11-19 14:55:00+05:30,2025-11-19 14:55,26266,26268.4,26253,26258.9,16875,64.1,
2025-11-19 15:00:00+05:30,2025-11-19 15:00,26258.9,26263.5,26250.3,26250.3,13800,59.19,
2025-11-19 15:05:00+05:30,2025-11-19 15:05,26250.3,26255,26241.1,26248,11850,59.51,
2025-11-19 15:10:00+05:30,2025-11-19 15:10,26248,26259.7,26246.5,26259.7,8025,59.69,
2025-11-19 15:15:00+05:30,2025-11-19 15:15,26259.7,26259.7,26250,26250,15450,57.67,
2025-11-19 15:20:00+05:30,2025-11-19 15:20,26250,26258,26245,26250,14775,51.01,
2025-11-19 15:25:00+05:30,2025-11-19 15:25,26250,26260,26247.4,26260,27075,50.0,
2025-11-20 09:15:00+05:30,2025-11-20 09:15,26325,26328.3,26291.9,26309.9,283125,67.28,ALERT
2025-11-20 09:20:00+05:30,2025-11-20 09:20,26310,26313,26285,26305.1,87150,64.39,
2025-11-20 09:25:00+05:30,2025-11-20 09:25,26305.1,26311,26288,26310.6,41025,71.49,
2025-11-20 09:30:00+05:30,2025-11-20 09:30,26310.6,26323.8,26306.3,26314.8,177375,69.59,
2025-11-20 09:35:00+05:30,2025-11-20 09:35,26314.8,26324.8,26305,26312.9,31650,68.61,
2025-11-20 09:40:00+05:30,2025-11-20 09:40,26312.9,26312.9,26260.8,26281.5,35250,58.3,
2025-11-20 09:45:00+05:30,2025-11-20 09:45,26281.5,26300.2,26269,26290.9,25875,57.96,
2025-11-20 09:50:00+05:30,2025-11-20 09:50,26290.9,26300,26288.8,26288.8,12000,59.87,
2025-11-20 09:55:00+05:30,2025-11-20 09:55,26288.8,26295.9,26278.5,26284.9,23250,61.78,ALERT
2025-11-20 10:00:00+05:30,2025-11-20 10:00,26284.9,26292.9,26280,26287.1,41475,63.33,
2025-11-20 10:05:00+05:30,2025-11-20 10:05,26289,26310,26287.8,26309.4,25200,65.8,
2025-11-20 10:10:00+05:30,2025-11-20 10:10,26309.4,26320.8,26297.5,26312,49125,70.64,
2025-11-20 10:15:00+05:30,2025-11-20 10:15,26312,26324,26308,26313.8,33600,70.99,
2025-11-20 10:20:00+05:30,2025-11-20 10:20,26313.8,26317.1,26309.2,26314.7,9975,69.14,
2025-11-20 10:25:00+05:30,2025-11-20 10:25,26314.7,26327,26309,26326,34575,57.72,
2025-11-20 10:30:00+05:30,2025-11-20 10:30,26326,26332.4,26325,26330,63450,62.03,ALERT
2025-11-20 10:35:00+05:30,2025-11-20 10:35,26330,26332.3,26324.2,26330,41250,59.9,
2025-11-20 10:40:00+05:30,2025-11-20 10:40,26330,26350.1,26326,26338.9,230175,61.73,ALERT
2025-11-20 10:45:00+05:30,2025-11-20 10:45,26338.9,26358.7,26336,26353,34050,67.45,
2025-11-20 10:50:00+05:30,2025-11-20 10:50,26353,26360,26350.8,26358.6,34800,93.27,
2025-11-20 10:55:00+05:30,2025-11-20 10:55,26358.6,26358.6,26340,26340,23550,74.97,
2025-11-20 11:00:00+05:30,2025-11-20 11:00,26340,26348,26335,26345.7,28875,77.92,
2025-11-20 11:05:00+05:30,2025-11-20 11:05,26345.7,26348,26338.4,26347,20700,81.27,
2025-11-20 11:10:00+05:30,2025-11-20 11:10,26347,26350.3,26340,26340.1,22575,75.48,
2025-11-20 11:15:00+05:30,2025-11-20 11:15,26340.1,26346.1,26332,26337.8,63000,66.9,
2025-11-20 11:20:00+05:30,2025-11-20 11:20,26337.8,26345,26331.2,26345,10725,68.62,
2025-11-20 11:25:00+05:30,2025-11-20 11:25,26345,26349,26340,26342.8,15300,66.29,
2025-11-20 11:30:00+05:30,2025-11-20 11:30,26342.8,26356.9,26337.2,26356.9,18000,70.65,
2025-11-20 11:35:00+05:30,2025-11-20 11:35,26356.9,26356.9,26349.7,26352,14025,63.57,
2025-11-20 11:40:00+05:30,2025-11-20 11:40,26352,26357,26350,26356,17925,63.57,
2025-11-20 11:45:00+05:30,2025-11-20 11:45,26356,26356.9,26339,26344.9,33075,56.97,
2025-11-20 11:50:00+05:30,2025-11-20 11:50,26344.9,26347.4,26335.1,26341,33225,51.03,
2025-11-20 11:55:00+05:30,2025-11-20 11:55,26341,26354.7,26341,26352,23550,49.49,
2025-11-20 12:00:00+05:30,2025-11-20 12:00,26352,26358.9,26349.6,26353.3,23625,47.2,
2025-11-20 12:05:00+05:30,2025-11-20 12:05,26353.3,26355,26349.1,26355,36300,59.66,
2025-11-20 12:10:00+05:30,2025-11-20 12:10,26355,26355,26349.4,26353.7,14025,55.46,
2025-11-20 12:15:00+05:30,2025-11-20 12:15,26353.7,26357.7,26345.9,26356.9,21750,56.59,
2025-11-20 12:20:00+05:30,2025-11-20 12:20,26356.9,26369.3,26349.1,26365.3,28950,66.45,ALERT
2025-11-20 12:25:00+05:30,2025-11-20 12:25,26365.3,26372,26363.1,26370.2,25500,70.45,
2025-11-20 12:30:00+05:30,2025-11-20 12:30,26370.2,26376.9,26367.5,26371.4,58125,68.03,
2025-11-20 12:35:00+05:30,2025-11-20 12:35,26371.4,26379,26371.4,26375.9,20550,71.92,
2025-11-20 12:40:00+05:30,2025-11-20 12:40,26375.9,26380,26372.1,26375,18975,64.53,
2025-11-20 12:45:00+05:30,2025-11-20 12:45,26375,26384.7,26375,26384.7,23175,74.37,
2025-11-20 12:50:00+05:30,2025-11-20 12:50,26384.7,26385.3,26372.2,26374.1,27825,62.28,
2025-11-20 12:55:00+05:30,2025-11-20 12:55,26374.1,26379.7,26370.3,26376,18525,74.11,
2025-11-20 13:00:00+05:30,2025-11-20 13:00,26376,26389.7,26371.9,26388,21975,82.37,
2025-11-20 13:05:00+05:30,2025-11-20 13:05,26388,26388.1,26371,26375,25200,65.42,
2025-11-20 13:10:00+05:30,2025-11-20 13:10,26375,26387,26373.1,26378.7,149775,66.49,
2025-11-20 13:15:00+05:30,2025-11-20 13:15,26378.7,26389.9,26374.7,26387.9,23325,69.47,
2025-11-20 13:20:00+05:30,2025-11-20 13:20,26387.9,26397,26380,26392.5,71625,72.1,
2025-11-20 13:25:00+05:30,2025-11-20 13:25,26392.5,26414.9,26391.1,26410,64500,76.0,
2025-11-20 13:30:00+05:30,2025-11-20 13:30,26410,26417.9,26408.1,26415.5,31575,75.3,
2025-11-20 13:35:00+05:30,2025-11-20 13:35,26415.5,26433,26412,26432.8,71850,78.05,
2025-11-20 13:40:00+05:30,2025-11-20 13:40,26429.4,26432.2,26422,26427.2,170925,74.05,
2025-11-20 13:45:00+05:30,2025-11-20 13:45,26427.2,26433,26417,26430.2,83325,73.71,
2025-11-20 13:50:00+05:30,2025-11-20 13:50,26430.2,26449,26429.1,26444.3,55500,77.13,
2025-11-20 13:55:00+05:30,2025-11-20 13:55,26444.4,26449.4,26438.9,26441,45075,73.21,
2025-11-20 14:00:00+05:30,2025-11-20 14:00,26440.6,26440.6,26432.1,26437.1,24075,77.49,
2025-11-20 14:05:00+05:30,2025-11-20 14:05,26437.1,26443.3,26433.5,26443.2,23550,78.28,
2025-11-20 14:10:00+05:30,2025-11-20 14:10,26443.2,26450,26437.6,26442,60300,75.0,
2025-11-20 14:15:00+05:30,2025-11-20 14:15,26442,26455.7,26441,26449.6,44325,86.35,
2025-11-20 14:20:00+05:30,2025-11-20 14:20,26449.9,26452.6,26438.7,26442.6,60225,80.17,
2025-11-20 14:25:00+05:30,2025-11-20 14:25,26442.1,26445.1,26418,26419.1,67050,62.98,
2025-11-20 14:30:00+05:30,2025-11-20 14:30,26419.1,26430,26412.2,26418,49500,60.93,
2025-11-20 14:35:00+05:30,2025-11-20 14:35,26418,26438.9,26415.5,26433.3,38625,60.17,
2025-11-20 14:40:00+05:30,2025-11-20 14:40,26433.3,26436.5,26404.4,26408.2,52350,47.28,
2025-11-20 14:45:00+05:30,2025-11-20 14:45,26408.2,26427.3,26404,26417,139800,43.71,
2025-11-20 14:50:00+05:30,2025-11-20 14:50,26417,26428,26412.1,26412.1,44700,43.96,
2025-11-20 14:55:00+05:30,2025-11-20 14:55,26412.1,26420.6,26412.1,26417.3,61500,44.93,
2025-11-20 15:00:00+05:30,2025-11-20 15:00,26417.3,26427,26391.8,26398.5,54750,32.63,ALERT
2025-11-20 15:05:00+05:30,2025-11-20 15:05,26400,26407.5,26397,26401.7,46800,35.08,
2025-11-20 15:10:00+05:30,2025-11-20 15:10,26401.7,26419.9,26399.2,26412.1,51600,40.96,
2025-11-20 15:15:00+05:30,2025-11-20 15:15,26412.1,26425,26411,26413.8,42900,39.01,ALERT
2025-11-20 15:20:00+05:30,2025-11-20 15:20,26413.8,26426.9,26412,26420,34275,42.07,
2025-11-20 15:25:00+05:30,2025-11-20 15:25,26420,26429,26419.4,26424,66525,40.53,
2025-11-21 09:15:00+05:30,2025-11-21 09:15,26350,26364.8,26320,26350.1,170625,27.12,ALERT
2025-11-21 09:20:00+05:30,2025-11-21 09:20,26350.1,26372.7,26345,26372.7,77850,38.47,
2025-11-21 09:25:00+05:30,2025-11-21 09:25,26370,26379.6,26362.5,26365,57525,37.25,
2025-11-21 09:30:00+05:30,2025-11-21 09:30,26365,26381.9,26352.8,26357.7,48300,31.08,
2025-11-21 09:35:00+05:30,2025-11-21 09:35,26357.7,26366,26345.1,26352.9,38025,34.6,
2025-11-21 09:40:00+05:30,2025-11-21 09:40,26352.9,26365,26334,26334,41325,28.11,
2025-11-21 09:45:00+05:30,2025-11-21 09:45,26334,26334.2,26315,26330.2,58800,28.28,
2025-11-21 09:50:00+05:30,2025-11-21 09:50,26330.2,26332.9,26320,26320,27225,24.86,
2025-11-21 09:55:00+05:30,2025-11-21 09:55,26320.1,26336.8,26302.9,26334.9,46575,33.23,
2025-11-21 10:00:00+05:30,2025-11-21 10:00,26334.9,26335.1,26301,26301.6,36300,27.22,
2025-11-21 10:05:00+05:30,2025-11-21 10:05,26301.6,26308.5,26296.9,26296.9,55500,23.08,
2025-11-21 10:10:00+05:30,2025-11-21 10:10,26296,26309.4,26292.4,26299.5,64950,23.41,
2025-11-21 10:15:00+05:30,2025-11-21 10:15,26298,26300,26276,26277.4,120525,19.11,
2025-11-21 10:20:00+05:30,2025-11-21 10:20,26276.9,26286.2,26265.6,26281,51525,18.97,
2025-11-21 10:25:00+05:30,2025-11-21 10:25,26281,26289.1,26271,26279,29925,27.57,
2025-11-21 10:30:00+05:30,2025-11-21 10:30,26279,26288.9,26270,26276,34650,15.19,
2025-11-21 10:35:00+05:30,2025-11-21 10:35,26275,26293.9,26267,26284.6,30225,21.24,
2025-11-21 10:40:00+05:30,2025-11-21 10:40,26284.6,26290,26278,26285,32475,22.65,
2025-11-21 10:45:00+05:30,2025-11-21 10:45,26283,26294.6,26275,26290,35325,26.37,
2025-11-21 10:50:00+05:30,2025-11-21 10:50,26290,26294,26272,26281.5,39900,28.61,
2025-11-21 10:55:00+05:30,2025-11-21 10:55,26281.5,26308.6,26275.7,26303,58875,40.31,
2025-11-21 11:00:00+05:30,2025-11-21 11:00,26302,26307.9,26294.6,26295.1,130500,40.98,
2025-11-21 11:05:00+05:30,2025-11-21 11:05,26295.1,26299,26270,26294,113850,33.55,ALERT
2025-11-21 11:10:00+05:30,2025-11-21 11:10,26294,26317.9,26294,26317,33150,56.75,
2025-11-21 11:15:00+05:30,2025-11-21 11:15,26317,26319,26308.1,26308.6,27975,54.97,
2025-11-21 11:20:00+05:30,2025-11-21 11:20,26308.6,26313,26296.6,26299,43650,49.8,
2025-11-21 11:25:00+05:30,2025-11-21 11:25,26299,26319,26288.6,26316.5,38625,66.28,ALERT
2025-11-21 11:30:00+05:30,2025-11-21 11:30,26316.5,26320.2,26292,26299,46875,56.72,
2025-11-21 11:35:00+05:30,2025-11-21 11:35,26299,26305.2,26293.3,26296.6,26925,56.55,
2025-11-21 11:40:00+05:30,2025-11-21 11:40,26296.6,26302,26291,26301,32175,59.2,
2025-11-21 11:45:00+05:30,2025-11-21 11:45,26298,26305,26296.5,26298.8,39450,55.49,
2025-11-21 11:50:00+05:30,2025-11-21 11:50,26298.8,26313.5,26296,26308.3,35550,58.41,
2025-11-21 11:55:00+05:30,2025-11-21 11:55,26308.3,26313.1,26300,26300,16275,53.53,
2025-11-21 12:00:00+05:30,2025-11-21 12:00,26299.5,26320.9,26292.2,26320.9,59025,62.78,ALERT
2025-11-21 12:05:00+05:30,2025-11-21 12:05,26318.5,26321,26311.8,26319,35775,55.94,
2025-11-21 12:10:00+05:30,2025-11-21 12:10,26319,26336.4,26316.2,26334.5,33450,63.85,ALERT
2025-11-21 12:15:00+05:30,2025-11-21 12:15,26333.8,26350,26330.7,26346.9,71175,67.23,
2025-11-21 12:20:00+05:30,2025-11-21 12:20,26345.3,26364,26343.8,26362.7,71700,65.62,
2025-11-21 12:25:00+05:30,2025-11-21 12:25,26362.7,26364,26350.3,26355.9,46050,66.34,
2025-11-21 12:30:00+05:30,2025-11-21 12:30,26355.9,26360,26340.7,26349.3,35550,67.75,
2025-11-21 12:35:00+05:30,2025-11-21 12:35,26348.6,26353.2,26341.8,26347.3,22650,62.2,
2025-11-21 12:40:00+05:30,2025-11-21 12:40,26347.3,26355.9,26346,26350.7,31800,73.06,
2025-11-21 12:45:00+05:30,2025-11-21 12:45,26350.7,26375,26350,26375,49800,79.25,
2025-11-21 12:50:00+05:30,2025-11-21 12:50,26375,26390,26372,26382.5,64575,79.72,
2025-11-21 12:55:00+05:30,2025-11-21 12:55,26382.5,26385,26372.6,26375,34950,76.76,
2025-11-21 13:00:00+05:30,2025-11-21 13:00,26375,26382.5,26368.9,26373,38325,73.98,
2025-11-21 13:05:00+05:30,2025-11-21 13:05,26370,26374.2,26360.3,26360.8,25950,71.9,
2025-11-21 13:10:00+05:30,2025-11-21 13:10,26360.8,26364,26336.6,26339.6,39825,56.72,
2025-11-21 13:15:00+05:30,2025-11-21 13:15,26339.6,26343.3,26312.9,26313.3,54225,48.26,
2025-11-21 13:20:00+05:30,2025-11-21 13:20,26313.3,26324,26304.8,26307.3,40725,41.17,
2025-11-21 13:25:00+05:30,2025-11-21 13:25,26306,26320,26301.8,26313.6,38850,38.74,ALERT
2025-11-21 13:30:00+05:30,2025-11-21 13:30,26313.6,26323.7,26305,26319.8,45975,34.49,
2025-11-21 13:35:00+05:30,2025-11-21 13:35,26319.8,26338.2,26317.9,26328.1,47775,40.06,
2025-11-21 13:40:00+05:30,2025-11-21 13:40,26328.1,26329.1,26308,26314.4,69450,38.12,ALERT
2025-11-21 13:45:00+05:30,2025-11-21 13:45,26314.4,26319,26305,26316.8,43800,39.65,
2025-11-21 13:50:00+05:30,2025-11-21 13:50,26313.7,26333,26306.2,26330.2,49650,43.48,
2025-11-21 13:55:00+05:30,2025-11-21 13:55,26330.2,26346.1,26330.2,26340.5,49650,37.96,ALERT
2025-11-21 14:00:00+05:30,2025-11-21 14:00,26341,26347,26333.5,26337.2,44250,33.72,
2025-11-21 14:05:00+05:30,2025-11-21 14:05,26337.2,26354.9,26330.3,26352.8,196200,42.46,
2025-11-21 14:10:00+05:30,2025-11-21 14:10,26352.8,26358,26348,26354.9,74925,43.86,
2025-11-21 14:15:00+05:30,2025-11-21 14:15,26354.9,26368.8,26344.5,26346.6,74550,45.05,
2025-11-21 14:20:00+05:30,2025-11-21 14:20,26346.6,26366,26345.9,26357.8,42900,56.82,
2025-11-21 14:25:00+05:30,2025-11-21 14:25,26357.8,26364.4,26354,26362.7,41175,72.05,ALERT
2025-11-21 14:30:00+05:30,2025-11-21 14:30,26362.7,26362.8,26350,26351.8,52500,69.03,
2025-11-21 14:35:00+05:30,2025-11-21 14:35,26351.8,26368,26345.1,26346,42975,63.92,
2025-11-21 14:40:00+05:30,2025-11-21 14:40,26346,26353.8,26325,26325,42600,51.98,
2025-11-21 14:45:00+05:30,2025-11-21 14:45,26325,26333.9,26303,26303,158025,41.34,
2025-11-21 14:50:00+05:30,2025-11-21 14:50,26303,26311.9,26292.9,26294,89550,42.72,
2025-11-21 14:55:00+05:30,2025-11-21 14:55,26294,26294,26266,26270,101775,35.54,ALERT
2025-11-21 15:00:00+05:30,2025-11-21 15:00,26270,26288,26262,26274.2,113175,31.65,
2025-11-21 15:05:00+05:30,2025-11-21 15:05,26274.2,26279.9,26265,26272.5,147750,26.39,
2025-11-21 15:10:00+05:30,2025-11-21 15:10,26272.5,26277.1,26261,26262.1,70950,25.15,
2025-11-21 15:15:00+05:30,2025-11-21 15:15,26262.1,26279.7,26261.1,26270,96750,21.13,
2025-11-21 15:20:00+05:30,2025-11-21 15:20,26270,26274.4,26251,26255.2,144150,18.07,
2025-11-21 15:25:00+05:30,2025-11-21 15:25,26260,26268.4,26260,26260.5,127875,21.88,
2025-11-24 09:15:00+05:30,2025-11-24 09:15,26320.1,26329.8,26297.7,26307.3,114975,36.62,
2025-11-24 09:20:00+05:30,2025-11-24 09:20,26307.3,26325.5,26302,26310.3,95325,35.97,
2025-11-24 09:25:00+05:30,2025-11-24 09:25,26310.3,26325,26310.3,26323.7,34950,42.58,
2025-11-24 09:30:00+05:30,2025-11-24 09:30,26323.7,26328.3,26295.7,26300,43200,38.9,ALERT
2025-11-24 09:35:00+05:30,2025-11-24 09:35,26300,26300,26280.7,26295,71100,42.15,
2025-11-24 09:40:00+05:30,2025-11-24 09:40,26295,26300,26281.2,26282,32475,44.24,
2025-11-24 09:45:00+05:30,2025-11-24 09:45,26282,26307.1,26266.4,26304,64575,52.56,
2025-11-24 09:50:00+05:30,2025-11-24 09:50,26304,26319.9,26294,26295,27750,56.94,
2025-11-24 09:55:00+05:30,2025-11-24 09:55,26295,26303.2,26290.9,26295,44625,55.91,
2025-11-24 10:00:00+05:30,2025-11-24 10:00,26295,26322.3,26292.4,26321.4,43200,62.18,ALERT
2025-11-24 10:05:00+05:30,2025-11-24 10:05,26321.4,26331.1,26314.5,26329.8,94350,67.04,
2025-11-24 10:10:00+05:30,2025-11-24 10:10,26329.8,26339,26327,26338.4,88800,67.15,
2025-11-24 10:15:00+05:30,2025-11-24 10:15,26338.4,26340,26320,26328.1,49950,68.7,
2025-11-24 10:20:00+05:30,2025-11-24 10:20,26329.3,26340,26325.6,26335,57000,68.96,
2025-11-24 10:25:00+05:30,2025-11-24 10:25,26335,26340.8,26328.6,26330,56475,57.34,
2025-11-24 10:30:00+05:30,2025-11-24 10:30,26330,26337,26323,26337,39450,58.41,
2025-11-24 10:35:00+05:30,2025-11-24 10:35,26337,26355,26335,26345,65250,56.95,
2025-11-24 10:40:00+05:30,2025-11-24 10:40,26345,26350.9,26340,26345.2,73650,67.41,ALERT
2025-11-24 10:45:00+05:30,2025-11-24 10:45,26345.2,26349.4,26340,26340.9,54075,67.78,
2025-11-24 10:50:00+05:30,2025-11-24 10:50,26340.9,26344.5,26322,26322,36900,64.81,
2025-11-24 10:55:00+05:30,2025-11-24 10:55,26322,26329.5,26317,26317,46575,55.51,
2025-11-24 11:00:00+05:30,2025-11-24 11:00,26317,26323.2,26301.2,26311.8,64050,57.36,
2025-11-24 11:05:00+05:30,2025-11-24 11:05,26311.6,26317.2,26303,26305,71925,54.13,
2025-11-24 11:10:00+05:30,2025-11-24 11:10,26305,26313.9,26303,26304.4,45675,41.07,
2025-11-24 11:15:00+05:30,2025-11-24 11:15,26304.4,26311.8,26294.8,26303.3,54150,34.93,ALERT
2025-11-24 11:20:00+05:30,2025-11-24 11:20,26303.3,26312.4,26301.8,26304,35250,28.5,
2025-11-24 11:25:00+05:30,2025-11-24 11:25,26304,26335,26304,26333,41325,52.48,
2025-11-24 11:30:00+05:30,2025-11-24 11:30,26333,26338.3,26330,26331.8,53100,48.28,
2025-11-24 11:35:00+05:30,2025-11-24 11:35,26331.8,26339.1,26328.4,26328.4,30975,49.12,
2025-11-24 11:40:00+05:30,2025-11-24 11:40,26328.4,26330.3,26320.6,26323.4,29250,42.39,
2025-11-24 11:45:00+05:30,2025-11-24 11:45,26323.4,26328,26308,26309.6,43200,31.41,ALERT
2025-11-24 11:50:00+05:30,2025-11-24 11:50,26309.6,26309.6,26282.1,26283.7,64875,24.57,
2025-11-24 11:55:00+05:30,2025-11-24 11:55,26284.4,26293.6,26265.4,26285.3,98850,26.48,
2025-11-24 12:00:00+05:30,2025-11-24 12:00,26285.3,26297.2,26280.1,26291.4,83325,35.48,
2025-11-24 12:05:00+05:30,2025-11-24 12:05,26291.4,26294.6,26278,26280.5,44550,33.6,
2025-11-24 12:10:00+05:30,2025-11-24 12:10,26280.5,26284.7,26272.2,26280,40725,35.08,
2025-11-24 12:15:00+05:30,2025-11-24 12:15,26280,26293.4,26274,26286.8,47700,41.46,
2025-11-24 12:20:00+05:30,2025-11-24 12:20,26288.8,26295,26275,26281,39525,39.53,ALERT
2025-11-24 12:25:00+05:30,2025-11-24 12:25,26281,26281,26261,26270,86775,36.32,
2025-11-24 12:30:00+05:30,2025-11-24 12:30,26270,26285.9,26250,26285,111150,43.01,
2025-11-24 12:35:00+05:30,2025-11-24 12:35,26285,26291.6,26276.8,26278.2,37500,25.92,ALERT
2025-11-24 12:40:00+05:30,2025-11-24 12:40,26278.2,26287.5,26276.8,26281.6,32475,28.36,
2025-11-24 12:45:00+05:30,2025-11-24 12:45,26281.6,26294.7,26280,26290.8,25350,34.56,
2025-11-24 12:50:00+05:30,2025-11-24 12:50,26294.1,26295.1,26272,26273.6,62250,31.42,
2025-11-24 12:55:00+05:30,2025-11-24 12:55,26273.6,26287,26265.8,26287,103650,41.54,
2025-11-24 13:00:00+05:30,2025-11-24 13:00,26287,26290,26266.3,26275.2,49950,46.44,
2025-11-24 13:05:00+05:30,2025-11-24 13:05,26275.2,26289.5,26267.5,26283.7,51450,49.37,
2025-11-24 13:10:00+05:30,2025-11-24 13:10,26283.7,26289.2,26274.6,26278,32025,44.68,
2025-11-24 13:15:00+05:30,2025-11-24 13:15,26278,26289.7,26275,26289.4,39225,53.52,
2025-11-24 13:20:00+05:30,2025-11-24 13:20,26289.4,26293,26281,26291.4,26175,54.45,
2025-11-24 13:25:00+05:30,2025-11-24 13:25,26291.4,26291.4,26272,26284.2,36075,48.99,
2025-11-24 13:30:00+05:30,2025-11-24 13:30,26284.2,26284.2,26267,26271,31350,46.32,
2025-11-24 13:35:00+05:30,2025-11-24 13:35,26271,26287.5,26265,26270.2,32175,50.08,
2025-11-24 13:40:00+05:30,2025-11-24 13:40,26270.2,26284.3,26264.7,26284.3,36150,49.72,
2025-11-24 13:45:00+05:30,2025-11-24 13:45,26284.3,26288,26277.2,26283.4,167775,52.19,
2025-11-24 13:50:00+05:30,2025-11-24 13:50,26283.4,26284.5,26270,26272,76500,46.21,
2025-11-24 13:55:00+05:30,2025-11-24 13:55,26272.7,26279.5,26266.7,26266.7,42300,40.2,
2025-11-24 14:00:00+05:30,2025-11-24 14:00,26267.7,26273,26251.9,26251.9,67950,41.0,
2025-11-24 14:05:00+05:30,2025-11-24 14:05,26251,26257.9,26240.5,26243,69150,31.03,ALERT
2025-11-24 14:10:00+05:30,2025-11-24 14:10,26243,26256,26239.9,26253,58950,40.28,
2025-11-24 14:15:00+05:30,2025-11-24 14:15,26253,26253,26226,26226,56550,28.26,ALERT
2025-11-24 14:20:00+05:30,2025-11-24 14:20,26226,26232.9,26212,26224.6,67725,29.21,
2025-11-24 14:25:00+05:30,2025-11-24 14:25,26224.6,26234.3,26214.1,26217.3,65700,21.0,
2025-11-24 14:30:00+05:30,2025-11-24 14:30,26217.3,26224,26215.2,26217.2,55425,19.69,
2025-11-24 14:35:00+05:30,2025-11-24 14:35,26217.2,26234,26214.4,26220,56100,22.8,
2025-11-24 14:40:00+05:30,2025-11-24 14:40,26220,26233.6,26216.1,26224,44400,28.4,
2025-11-24 14:45:00+05:30,2025-11-24 14:45,26224,26240.9,26222.6,26223,36000,28.35,
2025-11-24 14:50:00+05:30,2025-11-24 14:50,26223,26235.3,26218,26225,51150,19.4,
2025-11-24 14:55:00+05:30,2025-11-24 14:55,26225,26232.4,26220,26231.9,55800,24.98,
2025-11-24 15:00:00+05:30,2025-11-24 15:00,26231.9,26245.1,26175.4,26175.4,240000,17.36,
2025-11-24 15:05:00+05:30,2025-11-24 15:05,26175,26189.4,26164,26183,207825,22.16,
2025-11-24 15:10:00+05:30,2025-11-24 15:10,26183,26185,26159.9,26166.1,572400,21.85,
2025-11-24 15:15:00+05:30,2025-11-24 15:15,26166.1,26179.4,26156,26171.5,621600,25.99,
2025-11-24 15:20:00+05:30,2025-11-24 15:20,26171.5,26174,26152,26161.6,247125,19.29,
2025-11-24 15:25:00+05:30,2025-11-24 15:25,26161.6,26164.2,26138.5,26140.1,260100,20.03,
2025-11-25 09:15:00+05:30,2025-11-25 09:15,26187.8,26210,26115.2,26150,187350,25.43,
2025-11-25 09:20:00+05:30,2025-11-25 09:20,26150,26154,26122,26132,129000,23.75,
2025-11-25 09:25:00+05:30,2025-11-25 09:25,26132,26148,26122.2,26131.7,148950,23.72,
2025-11-25 09:30:00+05:30,2025-11-25 09:30,26131.7,26158.8,26127,26158.2,79725,33.42,
2025-11-25 09:35:00+05:30,2025-11-25 09:35,26158.2,26162.1,26135.1,26147,73425,30.11,
2025-11-25 09:40:00+05:30,2025-11-25 09:40,26147,26156.4,26140,26143,87375,29.65,
2025-11-25 09:45:00+05:30,2025-11-25 09:45,26143.6,26152,26135.1,26135.1,59250,27.8,
2025-11-25 09:50:00+05:30,2025-11-25 09:50,26135.1,26168.9,26125,26166.6,76650,35.62,
2025-11-25 09:55:00+05:30,2025-11-25 09:55,26166.6,26174.7,26155,26172.5,101250,49.18,
2025-11-25 10:00:00+05:30,2025-11-25 10:00,26172.5,26184,26166.1,26172.7,89025,46.95,
2025-11-25 10:05:00+05:30,2025-11-25 10:05,26172.7,26184.7,26170.1,26184,82350,55.47,
2025-11-25 10:10:00+05:30,2025-11-25 10:10,26184,26208.7,26180.3,26198.1,152775,57.72,
2025-11-25 10:15:00+05:30,2025-11-25 10:15,26198.1,26208.1,26191.2,26195,88950,60.1,ALERT
2025-11-25 10:20:00+05:30,2025-11-25 10:20,26195,26203,26183.4,26200,90300,70.11,
2025-11-25 10:25:00+05:30,2025-11-25 10:25,26200,26203.1,26187.2,26194.9,49650,65.58,
2025-11-25 10:30:00+05:30,2025-11-25 10:30,26195,26205,26186,26188.4,42000,71.27,
2025-11-25 10:35:00+05:30,2025-11-25 10:35,26188.4,26198.9,26172.5,26195.4,51750,72.86,
2025-11-25 10:40:00+05:30,2025-11-25 10:40,26195.4,26196,26171.2,26171.2,69450,54.74,
2025-11-25 10:45:00+05:30,2025-11-25 10:45,26171.2,26177,26165.7,26165.7,47100,57.12,
2025-11-25 10:50:00+05:30,2025-11-25 10:50,26165.7,26176.1,26155,26155.3,47100,54.47,
2025-11-25 10:55:00+05:30,2025-11-25 10:55,26155.3,26158,26120,26120,128475,45.43,
2025-11-25 11:00:00+05:30,2025-11-25 11:00,26120,26122.4,26108.3,26120,122925,32.56,ALERT
2025-11-25 11:05:00+05:30,2025-11-25 11:05,26120,26121.9,26110.4,26115.1,60975,28.36,
2025-11-25 11:10:00+05:30,2025-11-25 11:10,26115.1,26130,26112,26123.9,59100,32.72,
2025-11-25 11:15:00+05:30,2025-11-25 11:15,26123.9,26135,26120.4,26123.9,114675,26.87,
2025-11-25 11:20:00+05:30,2025-11-25 11:20,26123.9,26130,26112.6,26125,92025,18.73,
2025-11-25 11:25:00+05:30,2025-11-25 11:25,26125,26142,26120.6,26141,63075,29.2,
2025-11-25 11:30:00+05:30,2025-11-25 11:30,26141,26145,26132,26144,31425,28.09,
2025-11-25 11:35:00+05:30,2025-11-25 11:35,26144,26148.8,26138.4,26145,27600,29.83,
2025-11-25 11:40:00+05:30,2025-11-25 11:40,26145,26152,26125.6,26126,31875,27.09,
2025-11-25 11:45:00+05:30,2025-11-25 11:45,26126,26144.5,26125.6,26142.4,37650,31.8,
2025-11-25 11:50:00+05:30,2025-11-25 11:50,26142.4,26154,26141.7,26153,57450,43.11,
2025-11-25 11:55:00+05:30,2025-11-25 11:55,26153,26178,26150,26170.5,63375,51.67,
2025-11-25 12:00:00+05:30,2025-11-25 12:00,26170.5,26179.3,26161.5,26166.4,30375,54.03,
2025-11-25 12:05:00+05:30,2025-11-25 12:05,26166.4,26176.3,26161.6,26169,23700,73.33,ALERT
2025-11-25 12:10:00+05:30,2025-11-25 12:10,26168.8,26173.6,26152,26159.2,32775,67.07,
2025-11-25 12:15:00+05:30,2025-11-25 12:15,26159.2,26166.9,26140.1,26140.1,60975,59.69,
2025-11-25 12:20:00+05:30,2025-11-25 12:20,26140.1,26146.9,26135.2,26137,50325,55.31,
2025-11-25 12:25:00+05:30,2025-11-25 12:25,26135.2,26152,26130,26132.5,24375,53.36,
2025-11-25 12:30:00+05:30,2025-11-25 12:30,26132.5,26142.8,26130,26138.7,27525,55.15,
2025-11-25 12:35:00+05:30,2025-11-25 12:35,26138.7,26145.8,26131.7,26144.9,39300,51.58,
2025-11-25 12:40:00+05:30,2025-11-25 12:40,26144.9,26160.3,26140,26156,36375,54.57,
2025-11-25 12:45:00+05:30,2025-11-25 12:45,26156,26165.4,26154.5,26157.5,73725,54.75,
2025-11-25 12:50:00+05:30,2025-11-25 12:50,26157.5,26172.4,26144.4,26168.4,42075,67.15,ALERT
2025-11-25 12:55:00+05:30,2025-11-25 12:55,26168.4,26172,26156.1,26160.3,38550,57.76,
2025-11-25 13:00:00+05:30,2025-11-25 13:00,26160.3,26160.3,26143.5,26153,47925,50.0,
2025-11-25 13:05:00+05:30,2025-11-25 13:05,26152.9,26179,26147.2,26176.9,52650,52.7,
2025-11-25 13:10:00+05:30,2025-11-25 13:10,26176.9,26182,26166,26173,42900,52.79,
2025-11-25 13:15:00+05:30,2025-11-25 13:15,26173,26178.5,26161,26165.5,31575,48.58,
2025-11-25 13:20:00+05:30,2025-11-25 13:20,26165.5,26173.2,26152.2,26170,47175,54.58,
2025-11-25 13:25:00+05:30,2025-11-25 13:25,26171,26187.5,26170,26185,42000,69.74,ALERT
2025-11-25 13:30:00+05:30,2025-11-25 13:30,26185,26187,26171,26180,32025,68.6,
2025-11-25 13:35:00+05:30,2025-11-25 13:35,26180,26181.1,26172,26177.5,39375,69.81,
2025-11-25 13:40:00+05:30,2025-11-25 13:40,26177.5,26179.4,26158.6,26163,23100,59.97,
2025-11-25 13:45:00+05:30,2025-11-25 13:45,26163,26176.5,26152.3,26171.4,32250,60.68,ALERT
2025-11-25 13:50:00+05:30,2025-11-25 13:50,26165.2,26174,26164.7,26172.5,16575,57.23,
2025-11-25 13:55:00+05:30,2025-11-25 13:55,26172.5,26172.5,26161.2,26170,22800,55.43,
2025-11-25 14:00:00+05:30,2025-11-25 14:00,26172,26187,26166.8,26185,71925,56.96,
2025-11-25 14:05:00+05:30,2025-11-25 14:05,26185,26190.3,26170.3,26180,84525,58.48,
2025-11-25 14:10:00+05:30,2025-11-25 14:10,26180,26185,26174.2,26177,64275,60.73,ALERT
2025-11-25 14:15:00+05:30,2025-11-25 14:15,26177,26187.2,26160,26160,60150,41.94,
2025-11-25 14:20:00+05:30,2025-11-25 14:20,26163,26169.9,26146.4,26146.5,47025,38.43,ALERT
2025-11-25 14:25:00+05:30,2025-11-25 14:25,26146,26154,26130,26130,93600,35.63,
2025-11-25 14:30:00+05:30,2025-11-25 14:30,26130,26140,26123,26126.2,87975,32.17,
2025-11-25 14:35:00+05:30,2025-11-25 14:35,26126.2,26138.3,26109.2,26111,96825,19.92,
2025-11-25 14:40:00+05:30,2025-11-25 14:40,26112,26128,26110.2,26125.5,77025,29.43,
2025-11-25 14:45:00+05:30,2025-11-25 14:45,26124.1,26134.7,26114,26121.9,112125,29.19,
2025-11-25 14:50:00+05:30,2025-11-25 14:50,26121.9,26124.2,26085,26090.6,163125,25.93,
2025-11-25 14:55:00+05:30,2025-11-25 14:55,26088,26095.6,26060,26060.3,195225,17.76,
2025-11-25 15:00:00+05:30,2025-11-25 15:00,26060.3,26075,26045,26055,282600,16.71,
2025-11-25 15:05:00+05:30,2025-11-25 15:05,26055.1,26071.8,26050.2,26060.1,149625,19.32,
2025-11-25 15:10:00+05:30,2025-11-25 15:10,26060.1,26070,26055.4,26059.2,159300,11.88,
2025-11-25 15:15:00+05:30,2025-11-25 15:15,26059.2,26065,26054.1,26057.6,218850,12.13,
2025-11-25 15:20:00+05:30,2025-11-25 15:20,26057.6,26060,26046.2,26050,264375,11.79,
2025-11-25 15:25:00+05:30,2025-11-25 15:25,26050,26054.9,26041.8,26051,247200,13.72,
2025-11-26 09:15:00+05:30,2025-11-26 09:15,26105,26167.9,26085,26161.9,492975,53.11,
2025-11-26 09:20:00+05:30,2025-11-26 09:20,26162.1,26169,26155,26159.7,124350,56.37,
2025-11-26 09:25:00+05:30,2025-11-26 09:25,26159.7,26176.2,26152.2,26176.2,111600,60.16,ALERT
2025-11-26 09:30:00+05:30,2025-11-26 09:30,26175.5,26205,26170,26204,229050,67.98,
2025-11-26 09:35:00+05:30,2025-11-26 09:35,26204,26209,26188.5,26190,144225,62.5,
2025-11-26 09:40:00+05:30,2025-11-26 09:40,26190,26224.6,26188.5,26224.6,136050,67.76,
2025-11-26 09:45:00+05:30,2025-11-26 09:45,26224.6,26248.8,26223.9,26245.5,312825,77.79,
2025-11-26 09:50:00+05:30,2025-11-26 09:50,26245.5,26290,26245.5,26283,379575,88.95,
2025-11-26 09:55:00+05:30,2025-11-26 09:55,26283,26290,26276.1,26286.5,154950,90.74,
2025-11-26 10:00:00+05:30,2025-11-26 10:00,26286.5,26299,26283,26290,178350,90.69,
2025-11-26 10:05:00+05:30,2025-11-26 10:05,26290,26300,26288,26288,130050,90.34,
2025-11-26 10:10:00+05:30,2025-11-26 10:10,26288,26293,26273.1,26284.1,124500,89.61,
2025-11-26 10:15:00+05:30,2025-11-26 10:15,26284.1,26294.1,26282,26282,135075,91.37,
2025-11-26 10:20:00+05:30,2025-11-26 10:20,26282.1,26285,26271,26280,68775,90.69,
2025-11-26 10:25:00+05:30,2025-11-26 10:25,26280,26281,26262.6,26266,47550,78.21,
2025-11-26 10:30:00+05:30,2025-11-26 10:30,26266,26281,26266,26271,50850,79.71,
2025-11-26 10:35:00+05:30,2025-11-26 10:35,26271,26287,26270.4,26285,31200,79.44,
2025-11-26 10:40:00+05:30,2025-11-26 10:40,26285,26290,26280.5,26287,57750,76.1,
2025-11-26 10:45:00+05:30,2025-11-26 10:45,26287.1,26328.8,26286.1,26315,261525,86.13,
2025-11-26 10:50:00+05:30,2025-11-26 10:50,26315,26321,26295.4,26299.1,52500,74.14,
2025-11-26 10:55:00+05:30,2025-11-26 10:55,26300,26307,26297.4,26302.3,34050,70.79,
2025-11-26 11:00:00+05:30,2025-11-26 11:00,26302.3,26317.7,26302.3,26312.4,45675,63.46,
2025-11-26 11:05:00+05:30,2025-11-26 11:05,26312.4,26319,26308,26312.5,37500,62.29,
2025-11-26 11:10:00+05:30,2025-11-26 11:10,26312.5,26314.9,26305.7,26307,33450,57.88,
2025-11-26 11:15:00+05:30,2025-11-26 11:15,26307,26324.8,26307,26321,46350,63.77,ALERT
2025-11-26 11:20:00+05:30,2025-11-26 11:20,26321,26322.7,26313.4,26315.5,27075,62.93,
2025-11-26 11:25:00+05:30,2025-11-26 11:25,26315.5,26320,26309.6,26314.1,30900,63.3,
2025-11-26 11:30:00+05:30,2025-11-26 11:30,26314.1,26319,26310,26315.4,19500,64.75,
2025-11-26 11:35:00+05:30,2025-11-26 11:35,26315.4,26318,26303,26303,18375,65.62,
2025-11-26 11:40:00+05:30,2025-11-26 11:40,26303,26311.8,26300,26303.3,40875,64.2,
2025-11-26 11:45:00+05:30,2025-11-26 11:45,26303.3,26315,26294.4,26310.7,25725,62.0,
2025-11-26 11:50:00+05:30,2025-11-26 11:50,26313.8,26316,26304,26314,63525,62.45,
2025-11-26 11:55:00+05:30,2025-11-26 11:55,26314,26329,26309.2,26329,75225,57.34,
2025-11-26 12:00:00+05:30,2025-11-26 12:00,26329,26335.5,26318.2,26335.4,161925,71.13,ALERT
2025-11-26 12:05:00+05:30,2025-11-26 12:05,26335.4,26345.3,26332.7,26343,109275,72.54,
2025-11-26 12:10:00+05:30,2025-11-26 12:10,26343,26345,26339,26339.5,34725,66.19,
2025-11-26 12:15:00+05:30,2025-11-26 12:15,26339.5,26344,26332.3,26334.6,67050,62.49,
2025-11-26 12:20:00+05:30,2025-11-26 12:20,26334.7,26345,26330,26330,140250,63.13,
2025-11-26 12:25:00+05:30,2025-11-26 12:25,26330,26345,26326.6,26341,156450,61.82,
2025-11-26 12:30:00+05:30,2025-11-26 12:30,26341,26343.9,26327.6,26342.5,81825,66.75,
2025-11-26 12:35:00+05:30,2025-11-26 12:35,26342.5,26349,26337,26344.4,76275,68.68,
2025-11-26 12:40:00+05:30,2025-11-26 12:40,26344.4,26349.9,26340,26342.6,40875,66.67,
2025-11-26 12:45:00+05:30,2025-11-26 12:45,26342.6,26348,26340,26345.9,28875,79.59,
2025-11-26 12:50:00+05:30,2025-11-26 12:50,26345.9,26350,26334.4,26336.1,61200,70.0,
2025-11-26 12:55:00+05:30,2025-11-26 12:55,26336.1,26349.6,26334.3,26346,37725,70.89,
2025-11-26 13:00:00+05:30,2025-11-26 13:00,26346,26369,26345,26367.1,117525,75.95,
2025-11-26 13:05:00+05:30,2025-11-26 13:05,26367.1,26370,26359,26368.8,90825,72.36,
2025-11-26 13:10:00+05:30,2025-11-26 13:10,26368.8,26378.9,26359,26362.3,127800,65.1,
2025-11-26 13:15:00+05:30,2025-11-26 13:15,26362.7,26372,26356.2,26360,126750,60.14,
2025-11-26 13:20:00+05:30,2025-11-26 13:20,26360,26371.7,26355,26355.5,49725,59.43,
2025-11-26 13:25:00+05:30,2025-11-26 13:25,26355,26360,26340,26341.5,102300,53.67,
2025-11-26 13:30:00+05:30,2025-11-26 13:30,26341.5,26354.5,26337.6,26343.3,62250,57.3,
2025-11-26 13:35:00+05:30,2025-11-26 13:35,26343.3,26359.6,26343.2,26351.7,41100,56.05,
2025-11-26 13:40:00+05:30,2025-11-26 13:40,26351.7,26364.7,26350,26353.8,34875,56.34,
2025-11-26 13:45:00+05:30,2025-11-26 13:45,26353.8,26363.4,26350,26351.5,19275,53.97,
